{
  "config": {
    "dataset_path": "/Users/benfogerty/Desktop/EPlaneCapstone/CapstoneEPlane/ml_workspace/soh_forecast/output/event_dataset.csv",
    "output_root": "/Users/benfogerty/Desktop/EPlaneCapstone/CapstoneEPlane/ml_workspace/soh_forecast/output",
    "train_frac": 0.7,
    "valid_frac": 0.15,
    "max_gap_days": 30.0,
    "lookback": 20,
    "target_name": "delta_soh",
    "feature_set": "fe2_mission",
    "nominal_capacity_ah": 100.0,
    "use_lag_features": true,
    "use_interactions": true
  },
  "baselines": [
    {
      "model_name": "baseline_zero",
      "target": "delta_soh",
      "train_metrics": {
        "mae": 0.06710175677576853,
        "rmse": 0.15566138238297575,
        "r2": -0.1922588665560876,
        "spearman": NaN,
        "bias": 0.06250845883303993,
        "pct_positive": 0.0
      },
      "valid_metrics": {
        "mae": 0.012619893422832937,
        "rmse": 0.02628391779213909,
        "r2": -0.29959916420026445,
        "spearman": NaN,
        "bias": 0.012619893422832937,
        "pct_positive": 0.0
      },
      "test_metrics": {
        "mae": 0.15995211943456142,
        "rmse": 0.7896832512295473,
        "r2": -0.04278267662432267,
        "spearman": NaN,
        "bias": 0.15995211943456142,
        "pct_positive": 0.0
      }
    },
    {
      "model_name": "baseline_median_by_event_type",
      "target": "delta_soh",
      "train_metrics": {
        "mae": 0.06417895318602773,
        "rmse": 0.15218156661491938,
        "r2": -0.13954871592101714,
        "spearman": NaN,
        "bias": 0.053254771407583716,
        "pct_positive": 0.0
      },
      "valid_metrics": {
        "mae": 0.009791587967581575,
        "rmse": 0.02330051431443175,
        "r2": -0.021316240024638944,
        "spearman": NaN,
        "bias": 0.003366205997376737,
        "pct_positive": 0.0
      },
      "test_metrics": {
        "mae": 0.1592444099600645,
        "rmse": 0.7878610119626832,
        "r2": -0.03797566792143736,
        "spearman": NaN,
        "bias": 0.15069843200910518,
        "pct_positive": 0.0
      }
    }
  ],
  "models": [
    {
      "model_name": "throughput_linear",
      "train_metrics": {
        "mae": 0.08140690137039727,
        "rmse": 0.1413628741779285,
        "r2": 0.016714741617981144,
        "spearman": 0.23508016452372432,
        "bias": -6.70323335622736e-18,
        "pct_positive": 0.007547169811320755
      },
      "valid_metrics": {
        "mae": 0.05079391743202394,
        "rmse": 0.05446047721901751,
        "r2": -4.579459226515131,
        "spearman": 0.3483714148645374,
        "bias": -0.04593519923473965,
        "pct_positive": 0.0
      },
      "test_metrics": {
        "mae": 0.1921573570947568,
        "rmse": 0.7861767537487723,
        "r2": -0.03354252455949691,
        "spearman": -0.20498974709501028,
        "bias": 0.11137724272063247,
        "pct_positive": 0.0
      },
      "feature_count": 6,
      "feature_names": [
        "mission_efc",
        "delta_soc_pct",
        "rms_c_rate",
        "avg_temp_c",
        "temp_rise_proxy_c",
        "event_type_mission"
      ],
      "target": "delta_soh",
      "ood_metrics": {
        "mae": 0.050814484033501084,
        "rmse": 0.055035893001831024,
        "r2": -20.02305824115509,
        "spearman": -0.3363977485928706,
        "bias": -0.04804567702398647,
        "pct_positive": 0.0
      }
    },
    {
      "model_name": "elastic_net",
      "train_metrics": {
        "mae": 0.07359671606726867,
        "rmse": 0.13587037999996018,
        "r2": 0.09163921910689965,
        "spearman": 0.3901649413239616,
        "bias": -3.35161667811368e-18,
        "pct_positive": 0.0
      },
      "valid_metrics": {
        "mae": 0.013410514132169678,
        "rmse": 0.024197753887256944,
        "r2": -0.10148689253850507,
        "spearman": -0.08270676691729324,
        "bias": -0.001384255467305669,
        "pct_positive": 0.0
      },
      "test_metrics": {
        "mae": 0.16177656593288633,
        "rmse": 0.789992505278741,
        "r2": -0.04359958114918494,
        "spearman": -0.067053998632946,
        "bias": 0.1611380291796587,
        "pct_positive": 0.5535714285714286
      },
      "feature_count": 47,
      "feature_names": [
        "cumulative_efc",
        "cumulative_flight_hours",
        "delta_soc_pct",
        "peak_c_rate",
        "rms_current_a",
        "rms_c_rate",
        "mission_efc",
        "dod_pct",
        "max_temp_c",
        "avg_temp_c",
        "time_above_40c_min",
        "arrhenius_temp",
        "temp_rise_proxy_c",
        "idle_hours",
        "soc_weighted_idle_hours",
        "charge_to_flight_delay_hours",
        "self_discharge_rate_pct_per_hr",
        "internal_resistance_ohm",
        "voltage_sag_v",
        "voltage_sag_eff_wh_per_v",
        "coulombic_efficiency",
        "internal_resistance_ohm_lag1",
        "internal_resistance_ohm_diff",
        "temp_rise_proxy_c_lag1",
        "temp_rise_proxy_c_diff",
        "arrhenius_temp_lag1",
        "arrhenius_temp_diff",
        "cumulative_efc_lag1",
        "cumulative_efc_diff",
        "cumulative_flight_hours_lag1",
        "cumulative_flight_hours_diff",
        "rms_c_rate_lag1",
        "rms_c_rate_diff",
        "peak_c_rate_lag1",
        "peak_c_rate_diff",
        "dod_pct_lag1",
        "dod_pct_diff",
        "idle_hours_lag1",
        "idle_hours_diff",
        "soc_weighted_idle_hours_lag1",
        "soc_weighted_idle_hours_diff",
        "ir_x_peak_c_rate",
        "temp_rise_x_rms_c_rate",
        "arrhenius_x_time_above",
        "idle_x_soc_weighted",
        "efc_x_dod",
        "event_type_mission"
      ],
      "target": "delta_soh",
      "ood_metrics": {
        "mae": 0.09074882655831704,
        "rmse": 0.0916812887458927,
        "r2": -57.33984582519965,
        "spearman": 0.04746939355097857,
        "bias": -0.09074882655831704,
        "pct_positive": 0.0
      }
    },
    {
      "model_name": "hist_gbdt",
      "train_metrics": {
        "mae": 0.018124913566796727,
        "rmse": 0.03177549208370478,
        "r2": 0.9503186527237202,
        "spearman": 0.8504758338204093,
        "bias": 9.6234662796276e-12,
        "pct_positive": 0.22641509433962265
      },
      "valid_metrics": {
        "mae": 0.044823816765047125,
        "rmse": 0.06003251069863547,
        "r2": -5.779571367987771,
        "spearman": -0.19984442901906393,
        "bias": -0.02122172428546639,
        "pct_positive": 0.2631578947368421
      },
      "test_metrics": {
        "mae": 0.17934108860896406,
        "rmse": 0.7906258897529421,
        "r2": -0.04527368501520268,
        "spearman": -0.08503366490492224,
        "bias": 0.14095080392885745,
        "pct_positive": 0.2857142857142857
      },
      "feature_count": 47,