model,level_mae,level_rmse,level_r2,delta_mae,delta_rmse,delta_r2
naive_zero_delta,3.4446801095890915,4.437007986364283,0.6041178939150805,3.4446801095890915,4.437007986364283,-1.5171319637128784
ridge_raw_only,3.1612366339883597,4.425417280668124,0.6061835019573857,3.161236633988359,4.425417280668125,-1.5039982353935866
ridge_latent_causal,3.7168561672673013,4.699097657925424,0.5559678740509284,3.7168561672673017,4.699097657925424,-1.823283598733909
