{
  "evtol_point_count": 425,
  "plane_point_count": 376,
  "combined_point_count": 801,
  "calibration_rows": [
    {
      "battery_id": 1,
      "start_progress": 0.0,
      "total_life_flights_from_start": 1295.059,
      "end_progress_observed": 0.14439496578920344,
      "fitted_mae": 1.8103506761383708,
      "flights_remaining_to_zero": 1108.059,
      "last_observed_soh_pct": 57.54232883832993
    },
    {
      "battery_id": 2,
      "start_progress": 0.0,
      "total_life_flights_from_start": 1632.538,
      "end_progress_observed": 0.11454557259922893,
      "fitted_mae": 1.6285106846159039,
      "flights_remaining_to_zero": 1445.538,
      "last_observed_soh_pct": 60.5588813036762
    }
  ]
}