plane_id,battery_id,k_plane_batt,n_flights
166,1,0.7999999999999999,189
166,2,0.7999999999999999,189
192,1,0.64,20
192,2,0.84,20
