{
  "train_metrics": {
    "mae": 0.12759536158249274,
    "rmse": 0.18692228187391177,
    "r2": 0.6828024658774987
  },
  "valid_metrics": {
    "mae": 0.09255765262851544,
    "rmse": 0.1211334405287991,
    "r2": 0.7019700876841557
  },
  "test_metrics": {
    "mae": 0.1920699858535941,
    "rmse": 0.2629049448768117,
    "r2": 0.5552590430500888
  },
  "ood_metrics": {
    "mae": 0.19634820871596745,
    "rmse": 0.24169695178020603,
    "r2": 0.5413639854353296
  }
}