model,level_mae,level_rmse,level_r2,delta_mae,delta_rmse,delta_r2
naive_zero_delta,1.4389577485415932,2.193799782331375,0.9455677467109683,1.4389577485415932,2.193799782331375,-0.008426518139299288
ridge_raw_only,2.198479678782887,3.1046840267443008,0.8909822663610318,2.1984796787828866,3.1046840267443008,-1.0196917618902757
ridge_kalman_enriched,4.621464025062975,5.671815716023997,0.6361632546943986,4.621464025062974,5.671815716023997,-5.740537090967622
gbdt_kalman_enriched,3.7405867658332865,4.770259261907642,0.742636886676305,3.7405867658332865,4.770259261907641,-3.7679780384693373
