plane_id,battery_id,n_events,switch_event_count,high_noise_event_count,score_current_p50,score_current_p90,score_current_p95,score_current_max,score_didt_p50,score_didt_p90,score_didt_p95,score_didt_max,score_dtemp_p50,score_dtemp_p90,score_dtemp_p95,score_dtemp_max,score_soc_edge_p50,score_soc_edge_p90,score_soc_edge_p95,score_soc_edge_max,score_observation_instability_p50,score_observation_instability_p90,score_observation_instability_p95,score_observation_instability_max,score_gap_p50,score_gap_p90,score_gap_p95,score_gap_max,score_switch_p50,score_switch_p90,score_switch_p95,score_switch_max,score_event_type_p50,score_event_type_p90,score_event_type_p95,score_event_type_max,score_missing_p50,score_missing_p90,score_missing_p95,score_missing_max,condition_multiplier_p50,condition_multiplier_p90,condition_multiplier_p95,condition_multiplier_max,measurement_sigma_pct_p50,measurement_sigma_pct_p90,measurement_sigma_pct_p95,measurement_sigma_pct_max
166,1,553,494,134,0.5950000000000001,0.6725,0.6950000000000001,1.0875,0.3010364563109992,0.7219991961814369,0.7530529445366497,2.0,0.0,0.0,0.0,2.0,1.0,1.0,1.0,2.0,0.0,1.0,3.0,3.0,1.5296778988473936,2.3337451965626608,2.4687613460944737,4.0,0.5,1.5,1.5,1.5,0.75,0.75,0.75,0.75,0.0,0.0,0.0,2.0,2.2294949652318556,4.048521260811788,5.040758886216143,6.016689796319112,1.1147474826159278,2.024260630405894,2.5203794431080717,3.008344898159556
166,2,553,496,123,0.582249999999999,0.6480833333333333,0.6625,1.0450000000000002,0.30022906258322285,0.7011826012649763,0.721852231175703,2.0,0.0,0.0,0.0,0.01996385944557739,1.0,1.0,1.0,2.0,0.0,1.0,2.0,3.0,1.5274309337745913,2.3131247432542805,2.4255212689356616,4.0,0.5,1.5,1.5,1.5,0.75,0.75,0.75,0.75,0.0,0.0,0.0,2.0,2.2086270505785364,4.017651094641215,4.937096435347054,6.0677960549154895,1.1043135252892682,2.0088255473206074,2.468548217673527,3.0338980274577447
