model,level_mae,level_rmse,level_r2,delta_mae,delta_rmse,delta_r2
naive_zero_delta,3.4446801095890915,4.437007986364283,0.6041178939150805,3.4446801095890915,4.437007986364283,-1.5171319637128784
ridge_raw_only,3.009001965022508,4.195686524189329,0.6460095733777269,3.0090019650225086,4.195686524189329,-1.250772651765542
ridge_raw_plus_latent,3.6285528434269545,4.574005507354323,0.5792938917892709,3.6285528434269545,4.574005507354323,-1.6749700883912095
ridge_raw_plus_latent_plus_history,3.634525479451627,5.18369108925347,0.4596642820130189,3.6345254794516264,5.18369108925347,-2.435609455379193
gbdt_raw_plus_latent_plus_history,5.736087115787064,6.308190048512495,0.19980655556799898,5.736087115787064,6.308190048512495,-4.087859403529688
